{
  "samples": 30.0,
  "load_mean_s": 0.313785717500006,
  "load_max_s": 1.1441025849999278,
  "step_mean_s": 0.03480184333333606,
  "step_max_s": 0.08671390299991799,
  "total_mean_s": 0.348587560833342,
  "total_max_s": 1.1884811689999424
}
