{
  "samples": 30.0,
  "load_mean_s": 0.2326205843666647,
  "load_max_s": 0.7102310150000335,
  "step_mean_s": 0.024258177400008664,
  "step_max_s": 0.056053451000025234,
  "total_mean_s": 0.25687876176667335,
  "total_max_s": 0.7482902909999893
}