{
  "samples": 30.0,
  "load_mean_s": 0.3117053092666841,
  "load_max_s": 0.8310537770000792,
  "step_mean_s": 0.027315933166657185,
  "step_max_s": 0.06213494899998295,
  "total_mean_s": 0.3390212424333413,
  "total_max_s": 0.8697982640001101
}
