{
  "samples": 30.0,
  "load_mean_s": 0.14276524566666354,
  "load_max_s": 0.5758255119999944,
  "step_mean_s": 0.03325344063333849,
  "step_max_s": 0.328196351000031,
  "total_mean_s": 0.17601868630000203,
  "total_max_s": 0.9040218630000254
}