{"profile/samples":30,"profile/step_mean_s":0.021659291133327468,"test/clip_auc":0.6228571428571428,"test/clip_acc":0.6,"epoch":6,"profile/total_mean_s":0.19353127973332296,"best_val_score":0.315018315018315,"profile/load_mean_s":0.1718719885999955,"test/clip_f1":0.7037037037037037,"profile/load_max_s":0.5393104659999608,"profile/total_max_s":0.5680741019999687,"train_loss":0.03085345993699726,"val/clip_f1":0.6746987951807228,"val/clip_auc":0.05128205128205127,"_timestamp":1.7688631562132475e+09,"_step":7,"val/clip_acc":0.509090909090909,"_runtime":143.212362328,"_wandb":{"runtime":143},"profile/step_max_s":0.031566059999931895}