{"profile/step_max_s":0.07754720299999462,"val/clip_acc":0.41818181818181815,"_wandb":{"runtime":173},"val/clip_auc":0.0695970695970696,"test/clip_acc":0.525,"val/clip_f1":0.5897435897435898,"profile/total_mean_s":0.34332533753333794,"profile/samples":30,"best_val_score":0.5897435897435896,"profile/total_max_s":0.9996590400000969,"train_loss":0.03018482550678234,"profile/load_max_s":0.9454225700001189,"_step":7,"_runtime":173.975812395,"epoch":6,"test/clip_auc":0.6228571428571428,"profile/step_mean_s":0.03408237696666371,"test/clip_f1":0.6415094339622641,"_timestamp":1.7688636526185384e+09,"profile/load_mean_s":0.3092429605666742}
