{"val/clip_acc":0.4727272727272727,"epoch":6,"profile/total_mean_s":0.22153587416666293,"profile/load_max_s":0.6861643820000154,"profile/load_mean_s":0.19277808583332595,"_runtime":170.371121711,"_wandb":{"runtime":170},"test/clip_auc":0.5942857142857142,"_step":7,"profile/total_max_s":0.7323948880000444,"profile/samples":30,"_timestamp":1.7688639693963704e+09,"val/clip_auc":0.03479853479853479,"test/clip_acc":0.425,"best_val_score":0.48168498168498164,"profile/step_max_s":0.06707494400006908,"val/clip_f1":0.6419753086419753,"test/clip_f1":0.5106382978723404,"profile/step_mean_s":0.028757788333336975,"train_loss":0.03477215375350688}