{"profile/total_max_s":1.6325579139993351,"epoch":6,"profile/load_max_s":1.019353574998604,"val/clip_f1":0.42857142857142855,"profile/total_mean_s":0.2958688118332551,"test/clip_auc":0.5599999999999999,"val/clip_acc":0.2727272727272727,"test/clip_f1":0.5106382978723404,"test/clip_acc":0.425,"_wandb":{"runtime":185},"best_val_score":0.5860805860805861,"profile/step_max_s":1.0102112469994609,"profile/load_mean_s":0.2346985353665635,"_timestamp":1.7688601414506557e+09,"profile/samples":30,"_step":7,"_runtime":185.92605396,"profile/step_mean_s":0.06117027646669158,"train_loss":0.03515346929110506,"val/clip_auc":0.09340659340659338}