{"profile/total_mean_s":0.25687876176667335,"test/clip_acc":0.475,"train_loss":0.026875764093992692,"val/clip_auc":0.07326007326007325,"test/clip_f1":0.5714285714285714,"profile/step_max_s":0.056053451000025234,"test/clip_auc":0.6685714285714286,"profile/step_mean_s":0.024258177400008664,"profile/load_max_s":0.7102310150000335,"val/clip_acc":0.5272727272727272,"profile/samples":30,"_step":7,"_timestamp":1.7688628613129475e+09,"val/clip_f1":0.6904761904761905,"profile/total_max_s":0.7482902909999893,"best_val_score":0.3882783882783883,"_runtime":127.776614213,"_wandb":{"runtime":127},"epoch":6,"profile/load_mean_s":0.2326205843666647}