{"test/clip_acc":0.65,"profile/total_max_s":0.8697982640001101,"best_val_score":0.32051282051282054,"test/clip_auc":0.8114285714285714,"profile/step_mean_s":0.027315933166657185,"_wandb":{"runtime":156},"test/clip_f1":0.75,"val/clip_acc":0.4727272727272727,"val/clip_auc":0.03846153846153845,"val/clip_f1":0.6419753086419753,"profile/samples":30,"train_loss":0.03056518977598077,"profile/load_max_s":0.8310537770000792,"profile/step_max_s":0.06213494899998295,"epoch":6,"_runtime":156.184164858,"profile/total_mean_s":0.3390212424333413,"_timestamp":1.7688634833656814e+09,"profile/load_mean_s":0.3117053092666841,"_step":7}