{"profile/load_max_s":0.5758255119999944,"_runtime":137.587559392,"val/clip_f1":0.5789473684210527,"profile/total_mean_s":0.17601868630000203,"profile/step_max_s":0.328196351000031,"test/clip_auc":0.52,"profile/samples":30,"_timestamp":1.768862738090717e+09,"profile/total_max_s":0.9040218630000254,"val/clip_auc":0.08424908424908423,"test/clip_f1":0.5,"epoch":6,"val/clip_acc":0.41818181818181815,"profile/step_mean_s":0.03325344063333849,"_wandb":{"runtime":137},"test/clip_acc":0.4,"train_loss":0.03654738402454763,"profile/load_mean_s":0.14276524566666354,"_step":7,"best_val_score":0.6080586080586081}
