{
  "samples": 30.0,
  "load_mean_s": 0.1718719885999955,
  "load_max_s": 0.5393104659999608,
  "step_mean_s": 0.021659291133327468,
  "step_max_s": 0.031566059999931895,
  "total_mean_s": 0.19353127973332296,
  "total_max_s": 0.5680741019999687
}