{
  "samples": 30.0,
  "load_mean_s": 0.22916321053334437,
  "load_max_s": 0.816638796999996,
  "step_mean_s": 0.02611712269998255,
  "step_max_s": 0.049026760000060676,
  "total_mean_s": 0.25528033323332694,
  "total_max_s": 0.8591787130001194
}
