{
  "samples": 30.0,
  "load_mean_s": 0.19277808583332595,
  "load_max_s": 0.6861643820000154,
  "step_mean_s": 0.028757788333336975,
  "step_max_s": 0.06707494400006908,
  "total_mean_s": 0.22153587416666293,
  "total_max_s": 0.7323948880000444
}