{"train_loss":0.035275542057089264,"val/clip_acc":0.509090909090909,"profile/step_mean_s":0.03480184333333606,"val/clip_f1":0.6746987951807228,"test/clip_acc":0.425,"_runtime":169.388481846,"test/clip_auc":0.6685714285714286,"test/clip_f1":0.5106382978723404,"epoch":6,"_timestamp":1.7688642812050908e+09,"best_val_score":0.5201465201465201,"profile/load_mean_s":0.313785717500006,"profile/load_max_s":1.1441025849999278,"profile/step_max_s":0.08671390299991799,"profile/total_max_s":1.1884811689999424,"_step":7,"profile/samples":30,"profile/total_mean_s":0.348587560833342,"_wandb":{"runtime":169},"val/clip_auc":0.06593406593406592}
