{
  "samples": 30.0,
  "load_mean_s": 0.28111387889999073,
  "load_max_s": 0.954079899999897,
  "step_mean_s": 0.03519082370001267,
  "step_max_s": 0.13518079899995428,
  "total_mean_s": 0.31630470260000343,
  "total_max_s": 0.9977123169999231
}