{
  "samples": 30.0,
  "load_mean_s": 0.15451333416666274,
  "load_max_s": 0.5715688949999844,
  "step_mean_s": 0.05325941009999629,
  "step_max_s": 1.0209497630000044,
  "total_mean_s": 0.207772744266659,
  "total_max_s": 1.5925186579999888
}