{
  "samples": 30.0,
  "load_mean_s": 0.2346985353665635,
  "load_max_s": 1.019353574998604,
  "step_mean_s": 0.06117027646669158,
  "step_max_s": 1.0102112469994609,
  "total_mean_s": 0.2958688118332551,
  "total_max_s": 1.6325579139993351
}