{"profile/total_max_s":0.8684925900001872,"profile/samples":30,"profile/step_mean_s":0.0263880345666621,"profile/load_max_s":0.8283335170001465,"_wandb":{"runtime":153},"val/clip_acc":0.45454545454545453,"profile/load_mean_s":0.2987627973666349,"best_val_score":0.5934065934065934,"_runtime":153.557653093,"test/clip_auc":0.7485714285714287,"_timestamp":1.7688641185079548e+09,"test/clip_acc":0.425,"profile/step_max_s":0.06279144899986022,"epoch":6,"train_loss":0.03327058793436135,"val/clip_auc":0.13736263736263737,"val/clip_f1":0.625,"_step":7,"test/clip_f1":0.5106382978723404,"profile/total_mean_s":0.325150831933297}