{"profile/total_mean_s":0.31630470260000343,"test/clip_acc":0.475,"_runtime":161.955424648,"_wandb":{"runtime":161},"val/clip_acc":0.14545454545454545,"profile/samples":30,"best_val_score":0.30952380952380953,"epoch":6,"profile/step_max_s":0.13518079899995428,"val/clip_f1":0.25396825396825395,"profile/load_mean_s":0.28111387889999073,"_step":7,"_timestamp":1.768863018060163e+09,"profile/step_mean_s":0.03519082370001267,"train_loss":0.03459900725753077,"profile/load_max_s":0.954079899999897,"test/clip_f1":0.5714285714285714,"test/clip_auc":0.6057142857142858,"profile/total_max_s":0.9977123169999231,"val/clip_auc":0.0036630036630036604}