{
  "samples": 30.0,
  "load_mean_s": 0.2987627973666349,
  "load_max_s": 0.8283335170001465,
  "step_mean_s": 0.0263880345666621,
  "step_max_s": 0.06279144899986022,
  "total_mean_s": 0.325150831933297,
  "total_max_s": 0.8684925900001872
}
