{"profile/load_max_s":0.816638796999996,"val/clip_auc":0.10622710622710621,"profile/total_mean_s":0.25528033323332694,"best_val_score":0.586080586080586,"profile/samples":30,"profile/total_max_s":0.8591787130001194,"_timestamp":1.7688638053517416e+09,"profile/load_mean_s":0.22916321053334437,"test/clip_acc":0.425,"_step":7,"train_loss":0.032523194658419775,"_runtime":158.319007097,"profile/step_mean_s":0.02611712269998255,"test/clip_auc":0.5599999999999999,"test/clip_f1":0.5106382978723404,"epoch":6,"val/clip_acc":0.4727272727272727,"val/clip_f1":0.6419753086419753,"profile/step_max_s":0.049026760000060676,"_wandb":{"runtime":158}}
