{"epoch":6,"train_loss":0.04149816532729454,"_timestamp":1.7688626051535501e+09,"profile/total_mean_s":0.207772744266659,"profile/total_max_s":1.5925186579999888,"profile/step_max_s":1.0209497630000044,"profile/load_max_s":0.5715688949999844,"profile/step_mean_s":0.05325941009999629,"best_val_score":0.5457875457875457,"val/clip_auc":0.1391941391941392,"_step":7,"_runtime":132.365497028,"test/clip_auc":0.6571428571428571,"profile/samples":30,"_wandb":{"runtime":132},"profile/load_mean_s":0.15451333416666274,"val/clip_f1":0.6052631578947368,"test/clip_f1":0.7272727272727273,"val/clip_acc":0.45454545454545453,"test/clip_acc":0.625}
