{
  "samples": 30.0,
  "load_mean_s": 0.2586017386666602,
  "load_max_s": 0.9481258270000126,
  "step_mean_s": 0.03254436016667341,
  "step_max_s": 0.09995465099996181,
  "total_mean_s": 0.29114609883333364,
  "total_max_s": 0.989880597000024
}
