{"test/clip_f1":0.6538461538461539,"epoch":6,"profile/step_max_s":0.09995465099996181,"test/clip_auc":0.7028571428571428,"profile/total_max_s":0.989880597000024,"profile/step_mean_s":0.03254436016667341,"val/clip_auc":0.10805860805860805,"best_val_score":0.3663003663003663,"_step":7,"val/clip_acc":0.4727272727272727,"val/clip_f1":0.6419753086419753,"_runtime":180.393467767,"test/clip_acc":0.55,"profile/samples":30,"profile/load_mean_s":0.2586017386666602,"profile/total_mean_s":0.29114609883333364,"train_loss":0.033184665881137373,"profile/load_max_s":0.9481258270000126,"_wandb":{"runtime":180},"_timestamp":1.7688633338715398e+09}