{
  "samples": 30.0,
  "load_mean_s": 0.3092429605666742,
  "load_max_s": 0.9454225700001189,
  "step_mean_s": 0.03408237696666371,
  "step_max_s": 0.07754720299999462,
  "total_mean_s": 0.34332533753333794,
  "total_max_s": 0.9996590400000969
}
